name,@lat,@lon
Springbank Arts Building,38.7734161,-77.0713533
Fondo del Sol Visual Arts Center,38.9126115,-77.0471993
Theodore Hagans Cultural Center,38.9242000,-76.9582000
Peabody Conservatory of the Johns Hopkins University,38.9130027,-77.0369136
Pope John Paul II Cultural Center,38.9376111,-77.0027540
Inter-American Development Bank Cultural Center,38.8996815,-77.0300550
Martin Luther King Junior Communications Arts Center,39.0177778,-76.7619444
Rufus M and Loraine Hall Todd Performing Arts Center,38.9533333,-76.0833333
Upton Cultural Center,39.3017736,-76.6299680
Montpelier Cultural Arts Center,39.0648313,-76.8427502
Larrabee Arts Center,39.2163889,-76.0691667
Dorchester Arts Center,38.5728965,-76.0752180
Charleston Art Gallery,38.3445417,-81.6420680
Mountain Arts Center,37.6563056,-82.7929440
Kentucky Folk Art Center,38.1816667,-83.4330556
Deihn Fine and Performing Arts Center,36.8872222,-76.3077778
Performing Arts Center,38.0393728,-78.5041926
Fine Arts Center for the New River Valley,37.0476204,-80.7803491
Roanoke Fine Arts Center,37.2465265,-79.9508706
Augusta Art Center,38.1581869,-79.0780851
Fine Arts Center,37.4159755,-79.1730804
Bertie Murphy Deming Fine Arts Center,38.1550000,-79.0688889
Byars Hall Visual and Performing Arts Center,36.7733333,-81.8300000
Dillard Fine Arts Center,37.3972222,-79.1827778
Fine and Performing Arts Center,38.8817444,-82.3801542
Reston Orchestra,38.9363949,-77.3608972
Washington Ballet,38.9369670,-77.0730740
L'Eclat de Verre,38.9049188,-77.0669274
Alla Rogers,38.9045450,-77.0615423
Winter Palace Studio,38.9045637,-77.0615651
Cross MacKenzie Gallery,38.9046030,-77.0616031
Moca DC,38.9046095,-77.0617010
Parish Gallery,38.9045533,-77.0617716
Joy of Motion Dance Center,38.9000102,-76.9876664
Ashbrook Communtiy Center,37.3986238,-77.6844546
Goethe-Institut,38.9005791,-77.0222029
Artisphere,38.8951919,-77.0697944
Barron and Ellin Gordon Art Galleries,36.8852403,-76.3005659
THE FOUNDATION EVENT FACILITY,36.5948421,-82.1843150
Paramount Center for the Arts,36.5947756,-82.1826275
Arts Depot,36.7076057,-81.9811489
Smithsonian Institute Donald W. Reynolds Center for American Art and Portraiture,38.8982122,-77.0229669
Goochland Art Center,37.6994264,-77.8894955
Emergence Community Arts Collective,38.9242686,-77.0237791
Cultural Arts Center at Glen Allen,37.6673154,-77.5014137
The Dundalk Art School,39.2701711,-76.5023287
,37.8017568,-80.4487470
Sultan Qaboos Cultural Center,38.9039136,-77.0368197
Exittheapple Art Space,39.3162499,-76.6129296
Contempary Arts Center of Virginia Beach,36.8487344,-75.9874957
Mtn City Center For The Arts,39.6574101,-78.9283854
ART 180,37.5473980,-77.4423606
Center for the Arts,38.7504899,-77.4723227
District Architecture Center,38.8954670,-77.0217420
Salsa With Sylvia,38.9308731,-77.0236723
Lemon Bowl,38.9286641,-77.0229402
Look Art Studio,38.9153230,-77.0316405
The Contemporary,39.2917783,-76.6200918
Sipp Theatre,37.8137141,-82.8067783
Newark Arts Alliance,39.6849301,-75.7417919
Grayson Gallery and Arts Center,38.3324735,-82.9437791
Passionworks,39.3308748,-82.1001715
Hampshire County Artist Co-op,39.3416259,-78.7576006
The Bottling Works,39.3387570,-78.7513658
The River House,39.2974862,-78.4343208
Berkeley Art Works,39.4579317,-77.9636222
Greenbelt MakerSpace,39.0015249,-76.8762031
School of Rock,39.3316832,-76.6427121
Barnes Agency Design & Digital Media Studio,38.4219375,-82.4433793
